"day","account_id","exchange_fees"
"2024-05-08 00:00:00+00","170141183460469231731687303715884105727","0.0000989067291072"
"2024-05-08 00:00:00+00","170141183460469231731687303715884105737","48.9723125214256539"
"2024-05-08 00:00:00+00","170141183460469231731687303715884105738","25.2975983435498013"
"2024-05-08 00:00:00+00","170141183460469231731687303715884105743","0.0000629043460290"
"2024-05-08 00:00:00+00","170141183460469231731687303715884105752","1.4551564377587145"
"2024-05-08 00:00:00+00","170141183460469231731687303715884105765","366.3736804502174378"
"2024-05-08 00:00:00+00","170141183460469231731687303715884105809","27.5286942183087779"
"2024-05-08 00:00:00+00","170141183460469231731687303715884105816","8.3632761215333509"
"2024-05-08 00:00:00+00","170141183460469231731687303715884105836","38.6576896942350733"
"2024-05-08 00:00:00+00","170141183460469231731687303715884105840","5.8226093364244680"
"2024-05-08 00:00:00+00","170141183460469231731687303715884105841","46.2273506587324462"
"2024-05-08 00:00:00+00","170141183460469231731687303715884105847","22.8230732371469257"
"2024-05-08 00:00:00+00","170141183460469231731687303715884105881","0.0052479670314187"
"2024-05-08 00:00:00+00","170141183460469231731687303715884105922","0.1030800989958517"
"2024-05-08 00:00:00+00","170141183460469231731687303715884105964","1.1960046540982500"
"2024-05-08 00:00:00+00","170141183460469231731687303715884105986","9.9900936780495557"
"2024-05-08 00:00:00+00","170141183460469231731687303715884106075","436.8800906040649063"
"2024-05-08 00:00:00+00","170141183460469231731687303715884106080","26.5895772729214985"
"2024-05-08 00:00:00+00","170141183460469231731687303715884106084","20.2844923784117552"
"2024-05-08 00:00:00+00","170141183460469231731687303715884106088","0.0011253784684521"
"2024-05-08 00:00:00+00","170141183460469231731687303715884106090","7.7783002570055388"
"2024-05-08 00:00:00+00","170141183460469231731687303715884106133","1.5633979976224659"
"2024-05-08 00:00:00+00","170141183460469231731687303715884106194","0.0059924906738837"
"2024-05-08 00:00:00+00","170141183460469231731687303715884106252","9.8130916564269671"
"2024-05-08 00:00:00+00","170141183460469231731687303715884106253","12.9434089837905693"
"2024-05-08 00:00:00+00","170141183460469231731687303715884106288","3.8972329223637133"
"2024-05-08 00:00:00+00","170141183460469231731687303715884106313","0.0236751027228010"
"2024-05-08 00:00:00+00","170141183460469231731687303715884106335","78.2875516581613931"
"2024-05-08 00:00:00+00","170141183460469231731687303715884106342","9.0190878827373303"
"2024-05-08 00:00:00+00","170141183460469231731687303715884106362","119.8946714395006942"
"2024-05-08 00:00:00+00","170141183460469231731687303715884106371","70.1543083066693395"
"2024-05-08 00:00:00+00","170141183460469231731687303715884106411","2.6125771620858021"
"2024-05-08 00:00:00+00","170141183460469231731687303715884106416","2.1378730998428653"
"2024-05-08 00:00:00+00","170141183460469231731687303715884106429","1.5093791667802183"
"2024-05-08 00:00:00+00","170141183460469231731687303715884106461","10.8311036794422617"
"2024-05-08 00:00:00+00","170141183460469231731687303715884106470","6.3565615672171848"
"2024-05-08 00:00:00+00","170141183460469231731687303715884106519","0.0600542594421305"
"2024-05-08 00:00:00+00","170141183460469231731687303715884106535","13.5937513551459903"
"2024-05-08 00:00:00+00","170141183460469231731687303715884106609","5.6410785204866430"
"2024-05-08 00:00:00+00","170141183460469231731687303715884106610","0.6075724794378405"
"2024-05-08 00:00:00+00","170141183460469231731687303715884106615","0.0306485342665693"
"2024-05-08 00:00:00+00","170141183460469231731687303715884106619","0.4485628641507057"
"2024-05-08 00:00:00+00","3926889627","9.8648327310179083"
"2024-05-08 00:00:00+00","4208987284","45.4976264596796083"
"2024-05-07 00:00:00+00","170141183460469231731687303715884105727","0.0808253887261216"
"2024-05-07 00:00:00+00","170141183460469231731687303715884105737","32.9237309207675315"
"2024-05-07 00:00:00+00","170141183460469231731687303715884105738","35.9304045709592439"
"2024-05-07 00:00:00+00","170141183460469231731687303715884105752","1.3403460662182381"
"2024-05-07 00:00:00+00","170141183460469231731687303715884105762","62.4053610315275347"
"2024-05-07 00:00:00+00","170141183460469231731687303715884105765","235.6848004611831094"
"2024-05-07 00:00:00+00","170141183460469231731687303715884105803","0.4145624261045952"
"2024-05-07 00:00:00+00","170141183460469231731687303715884105809","14.2037274908504614"
"2024-05-07 00:00:00+00","170141183460469231731687303715884105816","24.3669555400244402"
"2024-05-07 00:00:00+00","170141183460469231731687303715884105840","0.2670818841110514"
"2024-05-07 00:00:00+00","170141183460469231731687303715884105841","49.8416271337559998"
"2024-05-07 00:00:00+00","170141183460469231731687303715884105881","2.6271960871311215"
"2024-05-07 00:00:00+00","170141183460469231731687303715884105906","2.7462493379929818"
"2024-05-07 00:00:00+00","170141183460469231731687303715884105933","0.0040041753844771"
"2024-05-07 00:00:00+00","170141183460469231731687303715884106016","0.4869015565716363"
"2024-05-07 00:00:00+00","170141183460469231731687303715884106061","7.8991945571679215"
"2024-05-07 00:00:00+00","170141183460469231731687303715884106075","1041.3730470051721904"
"2024-05-07 00:00:00+00","170141183460469231731687303715884106080","26.1362768197986396"
"2024-05-07 00:00:00+00","170141183460469231731687303715884106084","21.6147485299856357"
"2024-05-07 00:00:00+00","170141183460469231731687303715884106090","2.6301994575627265"
"2024-05-07 00:00:00+00","170141183460469231731687303715884106133","5.7299045247789023"
"2024-05-07 00:00:00+00","170141183460469231731687303715884106168","7.2895897842424620"
"2024-05-07 00:00:00+00","170141183460469231731687303715884106252","42.2892025271220411"
"2024-05-07 00:00:00+00","170141183460469231731687303715884106253","34.8031507431762730"
"2024-05-07 00:00:00+00","170141183460469231731687303715884106261","0.0847439382382623"
"2024-05-07 00:00:00+00","170141183460469231731687303715884106288","17.9340865600586800"
"2024-05-07 00:00:00+00","170141183460469231731687303715884106289","0.2556537778918050"
"2024-05-07 00:00:00+00","170141183460469231731687303715884106312","0.5756553848264522"
"2024-05-07 00:00:00+00","170141183460469231731687303715884106342","52.8802591565081142"
"2024-05-07 00:00:00+00","170141183460469231731687303715884106362","2.1432675803312170"
"2024-05-07 00:00:00+00","170141183460469231731687303715884106368","0.0003381787766698"
"2024-05-07 00:00:00+00","170141183460469231731687303715884106369","0.0063594328159280"
"2024-05-07 00:00:00+00","170141183460469231731687303715884106371","738.3222643918476822"
"2024-05-07 00:00:00+00","170141183460469231731687303715884106398","0.0614821282747081"
"2024-05-07 00:00:00+00","170141183460469231731687303715884106410","0.7585927727797211"
"2024-05-07 00:00:00+00","170141183460469231731687303715884106411","15.6871078838123162"
"2024-05-07 00:00:00+00","170141183460469231731687303715884106461","2.0007191196397602"
"2024-05-07 00:00:00+00","170141183460469231731687303715884106470","2.2000535293077949"
"2024-05-07 00:00:00+00","170141183460469231731687303715884106515","59.7000856693591640"
"2024-05-07 00:00:00+00","170141183460469231731687303715884106516","1.7461078687128209"
"2024-05-07 00:00:00+00","170141183460469231731687303715884106519","68.9324474410346036"
"2024-05-07 00:00:00+00","170141183460469231731687303715884106532","0.0068082233078183"
"2024-05-07 00:00:00+00","170141183460469231731687303715884106535","2.2289669772298529"
"2024-05-07 00:00:00+00","170141183460469231731687303715884106558","9.5070818417855486"
"2024-05-07 00:00:00+00","170141183460469231731687303715884106593","105.5023178285415197"
"2024-05-07 00:00:00+00","170141183460469231731687303715884106609","2.4511897208169517"
"2024-05-07 00:00:00+00","170141183460469231731687303715884106610","1.4665629035071037"
"2024-05-07 00:00:00+00","1865774801","0.0031317336970912"
"2024-05-07 00:00:00+00","3926889627","11.3757739062567874"
"2024-05-07 00:00:00+00","4208987284","625.5540933507037460"
"2024-05-07 00:00:00+00","624930172","96.4711132292894362"
"2024-05-07 00:00:00+00","82982876","1.5651135682253304"
"2024-05-06 00:00:00+00","170141183460469231731687303715884105752","2.4728494178382817"
"2024-05-06 00:00:00+00","170141183460469231731687303715884105765","1171.1298570130958093"
"2024-05-06 00:00:00+00","170141183460469231731687303715884105809","63.9678419721005060"
"2024-05-06 00:00:00+00","170141183460469231731687303715884105816","84.9413302375070108"
"2024-05-06 00:00:00+00","170141183460469231731687303715884105840","6.7705826301498506"
"2024-05-06 00:00:00+00","170141183460469231731687303715884105841","0.0372741039963015"
"2024-05-06 00:00:00+00","170141183460469231731687303715884105883","99.8026073979278006"
"2024-05-06 00:00:00+00","170141183460469231731687303715884105922","56.4049855272475585"
"2024-05-06 00:00:00+00","170141183460469231731687303715884105964","1.2968176916286000"
"2024-05-06 00:00:00+00","170141183460469231731687303715884106007","8.8861768758225000"
"2024-05-06 00:00:00+00","170141183460469231731687303715884106016","0.7825379302169142"
"2024-05-06 00:00:00+00","170141183460469231731687303715884106075","1937.9227625714934460"
"2024-05-06 00:00:00+00","170141183460469231731687303715884106080","40.6293819461786612"
"2024-05-06 00:00:00+00","170141183460469231731687303715884106084","66.9271308739352344"
"2024-05-06 00:00:00+00","170141183460469231731687303715884106090","0.0053031915566298"
"2024-05-06 00:00:00+00","170141183460469231731687303715884106092","3.5070328126967098"
"2024-05-06 00:00:00+00","170141183460469231731687303715884106133","0.6541347714017205"
"2024-05-06 00:00:00+00","170141183460469231731687303715884106168","85.2826164770436922"
"2024-05-06 00:00:00+00","170141183460469231731687303715884106194","0.0157639430940768"
"2024-05-06 00:00:00+00","170141183460469231731687303715884106253","13.9258222869558378"
"2024-05-06 00:00:00+00","170141183460469231731687303715884106261","0.1893510204459652"
"2024-05-06 00:00:00+00","170141183460469231731687303715884106288","9.0183880542471605"
"2024-05-06 00:00:00+00","170141183460469231731687303715884106289","18.4242714123102322"
"2024-05-06 00:00:00+00","170141183460469231731687303715884106342","23.3559568371898866"
"2024-05-06 00:00:00+00","170141183460469231731687303715884106369","0.0070609718518270"
"2024-05-06 00:00:00+00","170141183460469231731687303715884106371","680.4898565650001794"
"2024-05-06 00:00:00+00","170141183460469231731687303715884106403","16.3671511870047673"
"2024-05-06 00:00:00+00","170141183460469231731687303715884106411","77.1526609148288757"
"2024-05-06 00:00:00+00","170141183460469231731687303715884106429","7.3155744076225370"
"2024-05-06 00:00:00+00","170141183460469231731687303715884106444","0.2810508399007149"
"2024-05-06 00:00:00+00","170141183460469231731687303715884106461","2.0040559473227082"
"2024-05-06 00:00:00+00","170141183460469231731687303715884106470","0.6956500132894432"
"2024-05-06 00:00:00+00","170141183460469231731687303715884106497","63.5660805127758541"
"2024-05-06 00:00:00+00","170141183460469231731687303715884106513","1.1151625800876947"
"2024-05-06 00:00:00+00","170141183460469231731687303715884106515","66.1307854060304374"
"2024-05-06 00:00:00+00","170141183460469231731687303715884106519","21.7069481502695644"
"2024-05-06 00:00:00+00","170141183460469231731687303715884106535","5.3420662584384806"
"2024-05-06 00:00:00+00","170141183460469231731687303715884106558","20.1255392732635456"
"2024-05-06 00:00:00+00","170141183460469231731687303715884106603","0.2571690117419628"
"2024-05-06 00:00:00+00","170141183460469231731687303715884106605","2.8461931115848628"
"2024-05-06 00:00:00+00","170141183460469231731687303715884106609","1.3870159644165555"
"2024-05-06 00:00:00+00","170141183460469231731687303715884106610","1.9888827490197729"
"2024-05-06 00:00:00+00","170141183460469231731687303715884106612","1.2546401887756434"
"2024-05-06 00:00:00+00","170141183460469231731687303715884106615","61.7618918169061272"
"2024-05-06 00:00:00+00","170141183460469231731687303715884106616","43.0559874053397265"
"2024-05-06 00:00:00+00","170141183460469231731687303715884106617","1583.2768565541304919"
"2024-05-06 00:00:00+00","1865774801","3.1476566455762627"
"2024-05-06 00:00:00+00","3926889627","7.8581357601506370"
"2024-05-06 00:00:00+00","4208987284","1128.5384722391481946"
"2024-05-06 00:00:00+00","624930172","119.5939740405784132"
"2024-05-05 00:00:00+00","170141183460469231731687303715884105765","134.8435120768702725"
"2024-05-05 00:00:00+00","170141183460469231731687303715884105809","4.0115130179070943"
"2024-05-05 00:00:00+00","170141183460469231731687303715884105816","5.4687425320151729"
"2024-05-05 00:00:00+00","170141183460469231731687303715884105840","323.3767187867421420"
"2024-05-05 00:00:00+00","170141183460469231731687303715884105841","18.7621778825637375"
"2024-05-05 00:00:00+00","170141183460469231731687303715884105883","176.2320721661378151"
"2024-05-05 00:00:00+00","170141183460469231731687303715884105922","0.4142804820577489"
"2024-05-05 00:00:00+00","170141183460469231731687303715884105964","0.3506446338819048"
"2024-05-05 00:00:00+00","170141183460469231731687303715884106016","1.3140695743036491"
"2024-05-05 00:00:00+00","170141183460469231731687303715884106075","3269.3315591928951340"
"2024-05-05 00:00:00+00","170141183460469231731687303715884106080","20.6623775054023656"
"2024-05-05 00:00:00+00","170141183460469231731687303715884106084","29.2690098383726351"
"2024-05-05 00:00:00+00","170141183460469231731687303715884106088","0.0011481698248465"
"2024-05-05 00:00:00+00","170141183460469231731687303715884106133","2.1808346639866557"
"2024-05-05 00:00:00+00","170141183460469231731687303715884106159","0.0005347790687890"
"2024-05-05 00:00:00+00","170141183460469231731687303715884106252","12.1247215733525015"
"2024-05-05 00:00:00+00","170141183460469231731687303715884106253","9.6321489901214118"
"2024-05-05 00:00:00+00","170141183460469231731687303715884106254","918.6278140202122051"
"2024-05-05 00:00:00+00","170141183460469231731687303715884106288","2.0055057894497581"
"2024-05-05 00:00:00+00","170141183460469231731687303715884106289","170.4340955898632089"
"2024-05-05 00:00:00+00","170141183460469231731687303715884106316","3.0277754151579605"
"2024-05-05 00:00:00+00","170141183460469231731687303715884106335","95.9777652814911324"
"2024-05-05 00:00:00+00","170141183460469231731687303715884106342","3.3245004595792700"
"2024-05-05 00:00:00+00","170141183460469231731687303715884106362","0.0930804375357844"
"2024-05-05 00:00:00+00","170141183460469231731687303715884106366","2.7198188609328010"
"2024-05-05 00:00:00+00","170141183460469231731687303715884106371","24.7026492685309256"
"2024-05-05 00:00:00+00","170141183460469231731687303715884106403","1.8432778115879487"
"2024-05-05 00:00:00+00","170141183460469231731687303715884106411","16.8386670496992000"
"2024-05-05 00:00:00+00","170141183460469231731687303715884106444","0.1809781046580688"
"2024-05-05 00:00:00+00","170141183460469231731687303715884106497","20.0357632967616041"
"2024-05-05 00:00:00+00","170141183460469231731687303715884106504","0.0000317228100330"
"2024-05-05 00:00:00+00","170141183460469231731687303715884106519","1.1388999863059411"
"2024-05-05 00:00:00+00","170141183460469231731687303715884106521","0.1399441137021723"
"2024-05-05 00:00:00+00","170141183460469231731687303715884106526","0.0710563557594464"
"2024-05-05 00:00:00+00","170141183460469231731687303715884106558","27.1619822453723028"
"2024-05-05 00:00:00+00","170141183460469231731687303715884106595","1.8871682356204766"
"2024-05-05 00:00:00+00","170141183460469231731687303715884106602","2.0280391124014441"
"2024-05-05 00:00:00+00","170141183460469231731687303715884106603","0.0004999362846384"
"2024-05-05 00:00:00+00","170141183460469231731687303715884106605","0.0055325604138917"
"2024-05-05 00:00:00+00","170141183460469231731687303715884106609","3.5936364004806848"
"2024-05-05 00:00:00+00","170141183460469231731687303715884106612","1.2492133014056454"
"2024-05-05 00:00:00+00","4208987284","229.6100192419680829"
"2024-05-05 00:00:00+00","624930172","9.6227907659988369"
"2024-05-04 00:00:00+00","170141183460469231731687303715884105752","2.1706596651560545"
"2024-05-04 00:00:00+00","170141183460469231731687303715884105765","124.3315688178130902"
"2024-05-04 00:00:00+00","170141183460469231731687303715884105809","34.3104616413723795"
"2024-05-04 00:00:00+00","170141183460469231731687303715884105816","32.6288259336303076"
"2024-05-04 00:00:00+00","170141183460469231731687303715884105840","0.1258279287394309"
"2024-05-04 00:00:00+00","170141183460469231731687303715884105841","53.5350404808367474"
"2024-05-04 00:00:00+00","170141183460469231731687303715884105881","1.8817428914913826"
"2024-05-04 00:00:00+00","170141183460469231731687303715884105883","89.4476938116872634"
"2024-05-04 00:00:00+00","170141183460469231731687303715884105922","30.0567880199316402"
"2024-05-04 00:00:00+00","170141183460469231731687303715884105964","3.1105405811323487"
"2024-05-04 00:00:00+00","170141183460469231731687303715884106007","8.6946371234558950"
"2024-05-04 00:00:00+00","170141183460469231731687303715884106068","108.2077139807943151"
"2024-05-04 00:00:00+00","170141183460469231731687303715884106075","7058.4474463166329393"
"2024-05-04 00:00:00+00","170141183460469231731687303715884106080","25.2633839405829480"
"2024-05-04 00:00:00+00","170141183460469231731687303715884106084","25.5707771967836357"
"2024-05-04 00:00:00+00","170141183460469231731687303715884106091","0.1833577035115564"
"2024-05-04 00:00:00+00","170141183460469231731687303715884106109","0.5076434326795888"
"2024-05-04 00:00:00+00","170141183460469231731687303715884106133","1.6071987952783586"
"2024-05-04 00:00:00+00","170141183460469231731687303715884106192","1.1201657803343058"
"2024-05-04 00:00:00+00","170141183460469231731687303715884106197","14.1519826335275840"
"2024-05-04 00:00:00+00","170141183460469231731687303715884106252","14.0967009801240060"
"2024-05-04 00:00:00+00","170141183460469231731687303715884106253","1.4292529185066098"
"2024-05-04 00:00:00+00","170141183460469231731687303715884106254","4142.0202200991824627"
"2024-05-04 00:00:00+00","170141183460469231731687303715884106288","14.5952410288219073"
"2024-05-04 00:00:00+00","170141183460469231731687303715884106289","0.6249022692916451"
"2024-05-04 00:00:00+00","170141183460469231731687303715884106316","2.0567321838848785"
"2024-05-04 00:00:00+00","170141183460469231731687303715884106335","296.6612981827072291"
"2024-05-04 00:00:00+00","170141183460469231731687303715884106342","6.8800374730380420"
"2024-05-04 00:00:00+00","170141183460469231731687303715884106366","5.1543283497754156"
"2024-05-04 00:00:00+00","170141183460469231731687303715884106369","36.1726732848733719"
"2024-05-04 00:00:00+00","170141183460469231731687303715884106371","66.7478764108023589"
"2024-05-04 00:00:00+00","170141183460469231731687303715884106403","6.3531950901466008"
"2024-05-04 00:00:00+00","170141183460469231731687303715884106411","9.9720877988642400"
"2024-05-04 00:00:00+00","170141183460469231731687303715884106444","1.1688893182529908"
"2024-05-04 00:00:00+00","170141183460469231731687303715884106461","35.8244449766156281"
"2024-05-04 00:00:00+00","170141183460469231731687303715884106470","4.6166882797397517"
"2024-05-04 00:00:00+00","170141183460469231731687303715884106497","0.1680568938506784"
"2024-05-04 00:00:00+00","170141183460469231731687303715884106516","1.4355023966680247"
"2024-05-04 00:00:00+00","170141183460469231731687303715884106519","18.3482576692695226"
"2024-05-04 00:00:00+00","170141183460469231731687303715884106521","0.4117244331871067"
"2024-05-04 00:00:00+00","170141183460469231731687303715884106532","3.5126572689079082"
"2024-05-04 00:00:00+00","170141183460469231731687303715884106558","0.1163795794281116"
"2024-05-04 00:00:00+00","170141183460469231731687303715884106587","0.0004155542280547"
"2024-05-04 00:00:00+00","170141183460469231731687303715884106594","8.2715023418796110"
"2024-05-04 00:00:00+00","170141183460469231731687303715884106595","0.0085054711443784"
"2024-05-04 00:00:00+00","1865774801","0.0031633881734678"
"2024-05-04 00:00:00+00","2415949058","11.7531747319663190"
"2024-05-04 00:00:00+00","624930172","0.8506041947852814"
"2024-05-04 00:00:00+00","82982876","1.5741984422157377"
"2024-05-03 00:00:00+00","170141183460469231731687303715884105727","0.0498655919174990"
"2024-05-03 00:00:00+00","170141183460469231731687303715884105738","0.0403676495432358"
"2024-05-03 00:00:00+00","170141183460469231731687303715884105765","289.7705807183123762"
"2024-05-03 00:00:00+00","170141183460469231731687303715884105774","0.4395304558647283"
"2024-05-03 00:00:00+00","170141183460469231731687303715884105809","24.5394146097382416"
"2024-05-03 00:00:00+00","170141183460469231731687303715884105816","37.8239401766622343"
"2024-05-03 00:00:00+00","170141183460469231731687303715884105836","49.9952291818203466"
"2024-05-03 00:00:00+00","170141183460469231731687303715884105841","85.3517581443981534"
"2024-05-03 00:00:00+00","170141183460469231731687303715884105883","59.4371107154980374"
"2024-05-03 00:00:00+00","170141183460469231731687303715884105906","56.6553099217002780"
"2024-05-03 00:00:00+00","170141183460469231731687303715884105922","0.1844685935638984"
"2024-05-03 00:00:00+00","170141183460469231731687303715884105961","1.1183892705136813"
"2024-05-03 00:00:00+00","170141183460469231731687303715884106016","0.9520945868706658"
"2024-05-03 00:00:00+00","170141183460469231731687303715884106047","30.0786288444500595"
"2024-05-03 00:00:00+00","170141183460469231731687303715884106068","127.5671206924160416"
"2024-05-03 00:00:00+00","170141183460469231731687303715884106075","1884.1209320361259205"
"2024-05-03 00:00:00+00","170141183460469231731687303715884106080","50.0979536650362540"
"2024-05-03 00:00:00+00","170141183460469231731687303715884106084","16.3749810210318217"
"2024-05-03 00:00:00+00","170141183460469231731687303715884106133","0.0069441901713084"
"2024-05-03 00:00:00+00","170141183460469231731687303715884106191","0.4463215303896309"
"2024-05-03 00:00:00+00","170141183460469231731687303715884106194","0.0121419027764765"
"2024-05-03 00:00:00+00","170141183460469231731687303715884106197","18.3788580701312745"
"2024-05-03 00:00:00+00","170141183460469231731687303715884106252","25.1305139838924918"
"2024-05-03 00:00:00+00","170141183460469231731687303715884106253","8.4091706417676681"
"2024-05-03 00:00:00+00","170141183460469231731687303715884106254","221.3328828821691922"
"2024-05-03 00:00:00+00","170141183460469231731687303715884106263","1.9999310379764464"
"2024-05-03 00:00:00+00","170141183460469231731687303715884106335","31.4829351482658190"
"2024-05-03 00:00:00+00","170141183460469231731687303715884106342","3.9509982062206025"
"2024-05-03 00:00:00+00","170141183460469231731687303715884106366","5.1982790849336225"
"2024-05-03 00:00:00+00","170141183460469231731687303715884106371","11.7351367716570304"
"2024-05-03 00:00:00+00","170141183460469231731687303715884106416","0.0013487532700784"
"2024-05-03 00:00:00+00","170141183460469231731687303715884106497","359.0992886595605700"
"2024-05-03 00:00:00+00","170141183460469231731687303715884106514","0.2202014123622548"
"2024-05-03 00:00:00+00","170141183460469231731687303715884106515","36.3838339535464518"
"2024-05-03 00:00:00+00","170141183460469231731687303715884106519","16.0903980354663296"
"2024-05-03 00:00:00+00","170141183460469231731687303715884106535","4.1614418343569166"
"2024-05-03 00:00:00+00","170141183460469231731687303715884106554","2.0345862829261255"
"2024-05-03 00:00:00+00","170141183460469231731687303715884106564","0.0215451862828540"
"2024-05-03 00:00:00+00","170141183460469231731687303715884106570","17.7612977134446998"
"2024-05-03 00:00:00+00","170141183460469231731687303715884106575","0.3419158135263833"
"2024-05-03 00:00:00+00","170141183460469231731687303715884106587","0.2051384831790897"
"2024-05-03 00:00:00+00","170141183460469231731687303715884106588","2.0056861997347875"
"2024-05-03 00:00:00+00","170141183460469231731687303715884106591","0.8153520641190278"
"2024-05-03 00:00:00+00","170141183460469231731687303715884106593","87.9910413752177419"
"2024-05-03 00:00:00+00","170141183460469231731687303715884106594","1.9167006378615997"
"2024-05-03 00:00:00+00","170141183460469231731687303715884106595","0.0007980726766077"
"2024-05-03 00:00:00+00","2378283036","0.0626624857863121"
"2024-05-03 00:00:00+00","2415949058","11.9131632826765294"
"2024-05-03 00:00:00+00","3926889627","4.7627761363997920"
"2024-05-03 00:00:00+00","82982876","5.3814644131434506"
"2024-05-02 00:00:00+00","170141183460469231731687303715884105727","0.0000197947759507"
"2024-05-02 00:00:00+00","170141183460469231731687303715884105765","1152.4631805427360284"
"2024-05-02 00:00:00+00","170141183460469231731687303715884105774","0.0008814347391551"
"2024-05-02 00:00:00+00","170141183460469231731687303715884105782","0.1766240320334062"
"2024-05-02 00:00:00+00","170141183460469231731687303715884105809","8.2427782417569836"
"2024-05-02 00:00:00+00","170141183460469231731687303715884105816","92.1962746458684814"
"2024-05-02 00:00:00+00","170141183460469231731687303715884105841","22.4235888429370123"
"2024-05-02 00:00:00+00","170141183460469231731687303715884105906","108.9330412623474592"
"2024-05-02 00:00:00+00","170141183460469231731687303715884105917","0.0044836519446177"
"2024-05-02 00:00:00+00","170141183460469231731687303715884106016","0.6465643114478421"
"2024-05-02 00:00:00+00","170141183460469231731687303715884106075","4658.9015625421387021"
"2024-05-02 00:00:00+00","170141183460469231731687303715884106080","35.7821059601639363"
"2024-05-02 00:00:00+00","170141183460469231731687303715884106084","4.1868980806727477"
"2024-05-02 00:00:00+00","170141183460469231731687303715884106133","0.2891009193380000"
"2024-05-02 00:00:00+00","170141183460469231731687303715884106197","63.9620435476495096"
"2024-05-02 00:00:00+00","170141183460469231731687303715884106252","28.2196042379412547"
"2024-05-02 00:00:00+00","170141183460469231731687303715884106253","3.2622052251659914"
"2024-05-02 00:00:00+00","170141183460469231731687303715884106333","4.1263424603180325"
"2024-05-02 00:00:00+00","170141183460469231731687303715884106342","4.0931860812135070"
"2024-05-02 00:00:00+00","170141183460469231731687303715884106362","29.1977967172739014"
"2024-05-02 00:00:00+00","170141183460469231731687303715884106371","8.9882895862832474"
"2024-05-02 00:00:00+00","170141183460469231731687303715884106410","0.1330749341750335"
"2024-05-02 00:00:00+00","170141183460469231731687303715884106411","3.2822446987689388"
"2024-05-02 00:00:00+00","170141183460469231731687303715884106413","0.0029516865281436"
"2024-05-02 00:00:00+00","170141183460469231731687303715884106461","0.8500557904268107"
"2024-05-02 00:00:00+00","170141183460469231731687303715884106479","3.0844740848626831"
"2024-05-02 00:00:00+00","170141183460469231731687303715884106497","391.3353345631084363"
"2024-05-02 00:00:00+00","170141183460469231731687303715884106516","2.0662478167820232"
"2024-05-02 00:00:00+00","170141183460469231731687303715884106519","18.3687534948743461"
"2024-05-02 00:00:00+00","170141183460469231731687303715884106521","17.5518171025088835"
"2024-05-02 00:00:00+00","170141183460469231731687303715884106537","0.1184355805014889"
"2024-05-02 00:00:00+00","170141183460469231731687303715884106558","33.1358044792376954"
"2024-05-02 00:00:00+00","170141183460469231731687303715884106564","6.4674029123584182"
"2024-05-02 00:00:00+00","170141183460469231731687303715884106586","1.5603732891911394"
"2024-05-02 00:00:00+00","170141183460469231731687303715884106587","2.5929015317346584"
"2024-05-02 00:00:00+00","3926889627","4.0767719781761976"
"2024-05-02 00:00:00+00","4208987284","554.1306384577275872"
"2024-05-02 00:00:00+00","82982876","0.0029980636276982"
"2024-05-01 00:00:00+00","1152057215","19.2094445915000105"
"2024-05-01 00:00:00+00","154177716","0.0040422236367770"
"2024-05-01 00:00:00+00","170141183460469231731687303715884105727","0.0271978002172244"
"2024-05-01 00:00:00+00","170141183460469231731687303715884105747","0.0106805963457866"
"2024-05-01 00:00:00+00","170141183460469231731687303715884105749","0.1087949993570271"
"2024-05-01 00:00:00+00","170141183460469231731687303715884105752","1.2062619100590136"
"2024-05-01 00:00:00+00","170141183460469231731687303715884105765","874.1796341881038217"
"2024-05-01 00:00:00+00","170141183460469231731687303715884105782","0.0501218928618736"
"2024-05-01 00:00:00+00","170141183460469231731687303715884105816","123.7617954860407854"
"2024-05-01 00:00:00+00","170141183460469231731687303715884105836","207.0169619430924609"
"2024-05-01 00:00:00+00","170141183460469231731687303715884105841","0.0089086400810878"
"2024-05-01 00:00:00+00","170141183460469231731687303715884105883","151.2078381506600228"
"2024-05-01 00:00:00+00","170141183460469231731687303715884105906","36.3545250161380982"
"2024-05-01 00:00:00+00","170141183460469231731687303715884105922","0.0594469694490199"
"2024-05-01 00:00:00+00","170141183460469231731687303715884105964","0.2868776062287942"
"2024-05-01 00:00:00+00","170141183460469231731687303715884106007","0.0150265064573965"
"2024-05-01 00:00:00+00","170141183460469231731687303715884106016","0.0786788707777216"
"2024-05-01 00:00:00+00","170141183460469231731687303715884106050","0.0050080011439558"
"2024-05-01 00:00:00+00","170141183460469231731687303715884106075","75.5192660993855805"
"2024-05-01 00:00:00+00","170141183460469231731687303715884106080","14.5148507564414991"
"2024-05-01 00:00:00+00","170141183460469231731687303715884106084","7.0439667235584523"
"2024-05-01 00:00:00+00","170141183460469231731687303715884106088","1.3779048827242360"
"2024-05-01 00:00:00+00","170141183460469231731687303715884106091","0.1150821232017182"
"2024-05-01 00:00:00+00","170141183460469231731687303715884106099","3.7086511935076677"
"2024-05-01 00:00:00+00","170141183460469231731687303715884106109","0.5343571628123871"
"2024-05-01 00:00:00+00","170141183460469231731687303715884106133","0.9032539223108405"
"2024-05-01 00:00:00+00","170141183460469231731687303715884106168","11.2651718350081168"
"2024-05-01 00:00:00+00","170141183460469231731687303715884106186","1.0161316123419488"
"2024-05-01 00:00:00+00","170141183460469231731687303715884106192","3.4106181998823624"
"2024-05-01 00:00:00+00","170141183460469231731687303715884106197","66.7701393162836898"
"2024-05-01 00:00:00+00","170141183460469231731687303715884106209","2.0172605822644212"
"2024-05-01 00:00:00+00","170141183460469231731687303715884106252","40.3164783564965768"
"2024-05-01 00:00:00+00","170141183460469231731687303715884106253","6.8557826722629035"
"2024-05-01 00:00:00+00","170141183460469231731687303715884106261","5.8111280261261566"
"2024-05-01 00:00:00+00","170141183460469231731687303715884106267","1.2054065755052707"
"2024-05-01 00:00:00+00","170141183460469231731687303715884106288","17.5699405980982885"
"2024-05-01 00:00:00+00","170141183460469231731687303715884106291","2.4467658339048216"
"2024-05-01 00:00:00+00","170141183460469231731687303715884106310","90.1012692526144962"
"2024-05-01 00:00:00+00","170141183460469231731687303715884106316","18.5895424377188738"
"2024-05-01 00:00:00+00","170141183460469231731687303715884106333","5.5959694079825238"
"2024-05-01 00:00:00+00","170141183460469231731687303715884106371","21.0650977437623705"
"2024-05-01 00:00:00+00","170141183460469231731687303715884106410","0.6659368558457781"
"2024-05-01 00:00:00+00","170141183460469231731687303715884106411","7.9454063223459539"
"2024-05-01 00:00:00+00","170141183460469231731687303715884106413","1.4390223570137195"
"2024-05-01 00:00:00+00","170141183460469231731687303715884106418","22.1511971092209955"
"2024-05-01 00:00:00+00","170141183460469231731687303715884106422","2.7083195566128988"
"2024-05-01 00:00:00+00","170141183460469231731687303715884106429","0.0018676007013335"
"2024-05-01 00:00:00+00","170141183460469231731687303715884106449","25.9418476107837106"
"2024-05-01 00:00:00+00","170141183460469231731687303715884106451","5.1734797499922167"
"2024-05-01 00:00:00+00","170141183460469231731687303715884106461","4.3786120040620104"
"2024-05-01 00:00:00+00","170141183460469231731687303715884106470","0.7782180039609266"
"2024-05-01 00:00:00+00","170141183460469231731687303715884106497","1125.1101828793580127"
"2024-05-01 00:00:00+00","170141183460469231731687303715884106508","3.0904658223756254"
"2024-05-01 00:00:00+00","170141183460469231731687303715884106515","37.4520862789931269"
"2024-05-01 00:00:00+00","170141183460469231731687303715884106516","8.4651569271158512"
"2024-05-01 00:00:00+00","170141183460469231731687303715884106519","25.0331925777954668"
"2024-05-01 00:00:00+00","170141183460469231731687303715884106521","18.9717113765442385"
"2024-05-01 00:00:00+00","170141183460469231731687303715884106525","0.3604158422928536"
"2024-05-01 00:00:00+00","170141183460469231731687303715884106535","0.0041224198563468"
"2024-05-01 00:00:00+00","170141183460469231731687303715884106558","143.3752025515555680"
"2024-05-01 00:00:00+00","170141183460469231731687303715884106560","72.0897249438706842"
"2024-05-01 00:00:00+00","170141183460469231731687303715884106564","100.7804098726798476"
"2024-05-01 00:00:00+00","170141183460469231731687303715884106570","0.0207816587403552"
"2024-05-01 00:00:00+00","170141183460469231731687303715884106573","51.1748629646176035"
"2024-05-01 00:00:00+00","170141183460469231731687303715884106575","0.0006513767881945"
"2024-05-01 00:00:00+00","170141183460469231731687303715884106578","31.2620916401459779"
"2024-05-01 00:00:00+00","170141183460469231731687303715884106584","15.5922004456287174"
"2024-05-01 00:00:00+00","170141183460469231731687303715884106585","54.8625345063321078"
"2024-05-01 00:00:00+00","3926889627","59.6658424224777515"
"2024-05-01 00:00:00+00","4109412378","0.0855182675284816"
"2024-05-01 00:00:00+00","4208987284","156.4063406497832288"
"2024-05-01 00:00:00+00","664245129","0.0428801253675966"
"2024-04-30 00:00:00+00","1152057215","44.9782637042715967"
"2024-04-30 00:00:00+00","170141183460469231731687303715884105727","0.1282249959658262"
"2024-04-30 00:00:00+00","170141183460469231731687303715884105738","0.0400189832563382"
"2024-04-30 00:00:00+00","170141183460469231731687303715884105747","0.0163482441296305"
"2024-04-30 00:00:00+00","170141183460469231731687303715884105752","0.9907998316560158"
"2024-04-30 00:00:00+00","170141183460469231731687303715884105765","1027.5422243092822839"
"2024-04-30 00:00:00+00","170141183460469231731687303715884105816","213.8431053562310412"
"2024-04-30 00:00:00+00","170141183460469231731687303715884105836","219.0530161862940789"
"2024-04-30 00:00:00+00","170141183460469231731687303715884105841","2.9262275276559877"
"2024-04-30 00:00:00+00","170141183460469231731687303715884105881","0.0017810937401349"
"2024-04-30 00:00:00+00","170141183460469231731687303715884105883","413.2651973788824568"
"2024-04-30 00:00:00+00","170141183460469231731687303715884105906","8.5547748192193881"
"2024-04-30 00:00:00+00","170141183460469231731687303715884105917","0.4788780689455230"
"2024-04-30 00:00:00+00","170141183460469231731687303715884105964","0.4017207742160871"
"2024-04-30 00:00:00+00","170141183460469231731687303715884106007","7.5279733108314826"
"2024-04-30 00:00:00+00","170141183460469231731687303715884106075","406.1799079357620989"
"2024-04-30 00:00:00+00","170141183460469231731687303715884106080","14.2558788684017551"
"2024-04-30 00:00:00+00","170141183460469231731687303715884106084","10.3609115027352338"
"2024-04-30 00:00:00+00","170141183460469231731687303715884106127","0.2297434180978118"
"2024-04-30 00:00:00+00","170141183460469231731687303715884106133","2.2937397899994286"
"2024-04-30 00:00:00+00","170141183460469231731687303715884106192","1.6073999033125417"
"2024-04-30 00:00:00+00","170141183460469231731687303715884106252","18.5428649208302762"
"2024-04-30 00:00:00+00","170141183460469231731687303715884106253","5.7134317982385782"
"2024-04-30 00:00:00+00","170141183460469231731687303715884106261","11.0446537932677271"
"2024-04-30 00:00:00+00","170141183460469231731687303715884106263","9.6273771544808662"
"2024-04-30 00:00:00+00","170141183460469231731687303715884106288","10.7350613725215353"
"2024-04-30 00:00:00+00","170141183460469231731687303715884106313","1.7846854589891380"
"2024-04-30 00:00:00+00","170141183460469231731687303715884106333","5.9664316752110018"
"2024-04-30 00:00:00+00","170141183460469231731687303715884106366","2.6760791882034612"
"2024-04-30 00:00:00+00","170141183460469231731687303715884106373","1.7822142107796276"
"2024-04-30 00:00:00+00","170141183460469231731687303715884106374","0.1025890425122741"
"2024-04-30 00:00:00+00","170141183460469231731687303715884106410","0.8213175063280377"
"2024-04-30 00:00:00+00","170141183460469231731687303715884106411","12.7109620930530528"
"2024-04-30 00:00:00+00","170141183460469231731687303715884106429","0.0027966466536554"
"2024-04-30 00:00:00+00","170141183460469231731687303715884106444","3.9469851315624957"
"2024-04-30 00:00:00+00","170141183460469231731687303715884106449","24.9708436864748370"
"2024-04-30 00:00:00+00","170141183460469231731687303715884106451","5.2124077633251217"
"2024-04-30 00:00:00+00","170141183460469231731687303715884106457","6.1126836078796930"
"2024-04-30 00:00:00+00","170141183460469231731687303715884106461","7.9147244717013611"
"2024-04-30 00:00:00+00","170141183460469231731687303715884106470","2.6594563256550198"
"2024-04-30 00:00:00+00","170141183460469231731687303715884106471","27.3369616406899703"
"2024-04-30 00:00:00+00","170141183460469231731687303715884106497","638.9372519899367260"
"2024-04-30 00:00:00+00","170141183460469231731687303715884106508","2.6502966661873187"
"2024-04-30 00:00:00+00","170141183460469231731687303715884106515","108.1651582269261017"
"2024-04-30 00:00:00+00","170141183460469231731687303715884106516","11.6320749266722960"
"2024-04-30 00:00:00+00","170141183460469231731687303715884106519","21.9519453877494195"
"2024-04-30 00:00:00+00","170141183460469231731687303715884106521","9.4287437600788858"
"2024-04-30 00:00:00+00","170141183460469231731687303715884106535","1.8896533670454895"
"2024-04-30 00:00:00+00","170141183460469231731687303715884106553","0.0005933227776419"
"2024-04-30 00:00:00+00","170141183460469231731687303715884106554","2.1269619653364565"
"2024-04-30 00:00:00+00","170141183460469231731687303715884106557","0.0120236153784456"
"2024-04-30 00:00:00+00","170141183460469231731687303715884106558","170.5970249878020459"
"2024-04-30 00:00:00+00","170141183460469231731687303715884106560","71.8176890441556225"
"2024-04-30 00:00:00+00","170141183460469231731687303715884106562","10.4140479687964809"
"2024-04-30 00:00:00+00","170141183460469231731687303715884106564","131.8223141388622634"
"2024-04-30 00:00:00+00","170141183460469231731687303715884106570","30.1558628481885325"
"2024-04-30 00:00:00+00","3926889627","10.1959747876763512"
"2024-04-30 00:00:00+00","4109412378","0.0933080176279432"
"2024-04-29 00:00:00+00","170141183460469231731687303715884105727","0.0000439640851396"
"2024-04-29 00:00:00+00","170141183460469231731687303715884105745","1.0172888407993396"
"2024-04-29 00:00:00+00","170141183460469231731687303715884105749","0.0012524656753734"
"2024-04-29 00:00:00+00","170141183460469231731687303715884105750","0.5754230331902034"
"2024-04-29 00:00:00+00","170141183460469231731687303715884105752","0.6030372540816748"
"2024-04-29 00:00:00+00","170141183460469231731687303715884105809","10.8709079419835501"
"2024-04-29 00:00:00+00","170141183460469231731687303715884105816","17.7332185693665944"
"2024-04-29 00:00:00+00","170141183460469231731687303715884105881","1.0063387202619333"
"2024-04-29 00:00:00+00","170141183460469231731687303715884105917","2.5107953382986982"
"2024-04-29 00:00:00+00","170141183460469231731687303715884105922","0.0634243300621851"
"2024-04-29 00:00:00+00","170141183460469231731687303715884105964","0.3928241640930141"
"2024-04-29 00:00:00+00","170141183460469231731687303715884106007","8.1409401243698126"
"2024-04-29 00:00:00+00","170141183460469231731687303715884106075","2521.0341925455939246"
"2024-04-29 00:00:00+00","170141183460469231731687303715884106080","10.2381293372230099"
"2024-04-29 00:00:00+00","170141183460469231731687303715884106084","7.2684646695934393"
"2024-04-29 00:00:00+00","170141183460469231731687303715884106127","0.1304492830506450"
"2024-04-29 00:00:00+00","170141183460469231731687303715884106192","29.6153707060431114"
"2024-04-29 00:00:00+00","170141183460469231731687303715884106252","18.9274590953900099"
"2024-04-29 00:00:00+00","170141183460469231731687303715884106253","6.2251876436579073"
"2024-04-29 00:00:00+00","170141183460469231731687303715884106261","10.0821294760366301"
"2024-04-29 00:00:00+00","170141183460469231731687303715884106288","21.7404955407648726"
"2024-04-29 00:00:00+00","170141183460469231731687303715884106313","2.0149479102622701"
"2024-04-29 00:00:00+00","170141183460469231731687303715884106333","1.8213749532768104"
"2024-04-29 00:00:00+00","170141183460469231731687303715884106335","62.6577079524242892"
"2024-04-29 00:00:00+00","170141183460469231731687303715884106366","3.0509211033288111"
"2024-04-29 00:00:00+00","170141183460469231731687303715884106369","2.5200709763967354"
"2024-04-29 00:00:00+00","170141183460469231731687303715884106374","0.5098917521929891"
"2024-04-29 00:00:00+00","170141183460469231731687303715884106410","25.8803779605318933"
"2024-04-29 00:00:00+00","170141183460469231731687303715884106411","6.6465460916375286"
"2024-04-29 00:00:00+00","170141183460469231731687303715884106429","0.7970185475727318"
"2024-04-29 00:00:00+00","170141183460469231731687303715884106461","8.8723297016631583"
"2024-04-29 00:00:00+00","170141183460469231731687303715884106470","1.5822258772579565"
"2024-04-29 00:00:00+00","170141183460469231731687303715884106471","1.6088691697950174"
"2024-04-29 00:00:00+00","170141183460469231731687303715884106497","255.4163965094590540"
"2024-04-29 00:00:00+00","170141183460469231731687303715884106508","8.8177511003669227"
"2024-04-29 00:00:00+00","170141183460469231731687303715884106516","18.9001474654135740"
"2024-04-29 00:00:00+00","170141183460469231731687303715884106519","1.0810581368309783"
"2024-04-29 00:00:00+00","170141183460469231731687303715884106521","4.5634988439571326"
"2024-04-29 00:00:00+00","170141183460469231731687303715884106532","3.9997112936436338"
"2024-04-29 00:00:00+00","170141183460469231731687303715884106535","1.7664557939428007"
"2024-04-29 00:00:00+00","170141183460469231731687303715884106553","0.7913945080079711"
"2024-04-29 00:00:00+00","170141183460469231731687303715884106554","6.1857282904117434"
"2024-04-29 00:00:00+00","170141183460469231731687303715884106555","1.2794811640331589"
"2024-04-29 00:00:00+00","170141183460469231731687303715884106558","27.9306050049396830"
"2024-04-28 00:00:00+00","170141183460469231731687303715884105765","195.1258887048534246"
"2024-04-28 00:00:00+00","170141183460469231731687303715884105809","13.4538874819982515"
"2024-04-28 00:00:00+00","170141183460469231731687303715884105816","24.7260076067048759"
"2024-04-28 00:00:00+00","170141183460469231731687303715884105836","0.1516434488934674"
"2024-04-28 00:00:00+00","170141183460469231731687303715884105840","42.4869118743178841"
"2024-04-28 00:00:00+00","170141183460469231731687303715884105881","1.0022655567744653"
"2024-04-28 00:00:00+00","170141183460469231731687303715884105883","871.5517950357775880"
"2024-04-28 00:00:00+00","170141183460469231731687303715884105906","3.2014974336420508"
"2024-04-28 00:00:00+00","170141183460469231731687303715884105922","9.0618299627877525"
"2024-04-28 00:00:00+00","170141183460469231731687303715884105964","0.3417305408622721"
"2024-04-28 00:00:00+00","170141183460469231731687303715884106007","2.1058734418468897"
"2024-04-28 00:00:00+00","170141183460469231731687303715884106015","8.9898346180852779"
"2024-04-28 00:00:00+00","170141183460469231731687303715884106016","0.5921030417660909"
"2024-04-28 00:00:00+00","170141183460469231731687303715884106075","2583.7223940715822547"
"2024-04-28 00:00:00+00","170141183460469231731687303715884106080","4.8805276138720377"
"2024-04-28 00:00:00+00","170141183460469231731687303715884106084","1.9463268133552170"
"2024-04-28 00:00:00+00","170141183460469231731687303715884106088","0.0009570912096795"
"2024-04-28 00:00:00+00","170141183460469231731687303715884106133","1.5869045037463436"
"2024-04-28 00:00:00+00","170141183460469231731687303715884106252","23.5293694109779456"
"2024-04-28 00:00:00+00","170141183460469231731687303715884106253","3.6437417389451844"
"2024-04-28 00:00:00+00","170141183460469231731687303715884106254","20.0371532054328921"
"2024-04-28 00:00:00+00","170141183460469231731687303715884106261","4.4810941213945741"
"2024-04-28 00:00:00+00","170141183460469231731687303715884106263","13.6306165478679394"
"2024-04-28 00:00:00+00","170141183460469231731687303715884106288","4.8003339137331455"
"2024-04-28 00:00:00+00","170141183460469231731687303715884106333","5.6615672186841115"
"2024-04-28 00:00:00+00","170141183460469231731687303715884106335","104.7532741552697456"
"2024-04-28 00:00:00+00","170141183460469231731687303715884106342","4.1523959707728150"
"2024-04-28 00:00:00+00","170141183460469231731687303715884106374","1.2321179920845326"
"2024-04-28 00:00:00+00","170141183460469231731687303715884106410","9.0651415571581543"
"2024-04-28 00:00:00+00","170141183460469231731687303715884106411","25.7986597245657540"
"2024-04-28 00:00:00+00","170141183460469231731687303715884106413","0.0033838642837296"
"2024-04-28 00:00:00+00","170141183460469231731687303715884106416","3.6358428687638869"
"2024-04-28 00:00:00+00","170141183460469231731687303715884106429","0.0026911924129963"
"2024-04-28 00:00:00+00","170141183460469231731687303715884106440","1.1266235840083903"
"2024-04-28 00:00:00+00","170141183460469231731687303715884106444","1.4318654027347367"
"2024-04-28 00:00:00+00","170141183460469231731687303715884106461","14.9461732845358979"
"2024-04-28 00:00:00+00","170141183460469231731687303715884106470","1.5997978530019544"
"2024-04-28 00:00:00+00","170141183460469231731687303715884106497","118.6374699552646882"
"2024-04-28 00:00:00+00","170141183460469231731687303715884106516","1.5729072352782774"
"2024-04-28 00:00:00+00","170141183460469231731687303715884106519","10.3528302245642369"
"2024-04-28 00:00:00+00","170141183460469231731687303715884106521","3.9167148988109116"
"2024-04-28 00:00:00+00","170141183460469231731687303715884106537","10.1583711930566562"
"2024-04-28 00:00:00+00","170141183460469231731687303715884106542","3.0208015762800310"
"2024-04-28 00:00:00+00","170141183460469231731687303715884106545","175.8445965523176394"
"2024-04-28 00:00:00+00","170141183460469231731687303715884106550","2.0330748890465073"
"2024-04-28 00:00:00+00","3926889627","10.0857779760644265"
"2024-04-27 00:00:00+00","170141183460469231731687303715884105745","0.0904549321991972"
"2024-04-27 00:00:00+00","170141183460469231731687303715884105752","0.2172940659446126"
"2024-04-27 00:00:00+00","170141183460469231731687303715884105755","1.3501111392175245"
"2024-04-27 00:00:00+00","170141183460469231731687303715884105765","41.5554111894506140"
"2024-04-27 00:00:00+00","170141183460469231731687303715884105809","15.3500015703992368"
"2024-04-27 00:00:00+00","170141183460469231731687303715884105816","25.5715274418421982"
"2024-04-27 00:00:00+00","170141183460469231731687303715884105836","301.8617515731624328"
"2024-04-27 00:00:00+00","170141183460469231731687303715884105883","167.7364177128309231"
"2024-04-27 00:00:00+00","170141183460469231731687303715884105884","29.4473479756665928"
"2024-04-27 00:00:00+00","170141183460469231731687303715884106015","8.4382789905931743"
"2024-04-27 00:00:00+00","170141183460469231731687303715884106016","0.5972088143378530"
"2024-04-27 00:00:00+00","170141183460469231731687303715884106075","3438.8888071657083873"
"2024-04-27 00:00:00+00","170141183460469231731687303715884106080","11.2924044516694561"
"2024-04-27 00:00:00+00","170141183460469231731687303715884106084","34.0199186638670172"
"2024-04-27 00:00:00+00","170141183460469231731687303715884106133","0.0188262098982300"
"2024-04-27 00:00:00+00","170141183460469231731687303715884106252","21.2690743355102437"
"2024-04-27 00:00:00+00","170141183460469231731687303715884106253","8.6049503653915986"
"2024-04-27 00:00:00+00","170141183460469231731687303715884106288","1.9729825950657619"
"2024-04-27 00:00:00+00","170141183460469231731687303715884106316","27.2571471709658261"
"2024-04-27 00:00:00+00","170141183460469231731687303715884106333","1.4541400141890860"
"2024-04-27 00:00:00+00","170141183460469231731687303715884106335","169.4371231364365566"
"2024-04-27 00:00:00+00","170141183460469231731687303715884106366","0.0042933377215339"
"2024-04-27 00:00:00+00","170141183460469231731687303715884106373","0.0024889736616252"
"2024-04-27 00:00:00+00","170141183460469231731687303715884106374","0.1197324116530375"
"2024-04-27 00:00:00+00","170141183460469231731687303715884106410","9.5173945348264436"
"2024-04-27 00:00:00+00","170141183460469231731687303715884106411","9.7277036727842861"
"2024-04-27 00:00:00+00","170141183460469231731687303715884106429","0.0022787819762489"
"2024-04-27 00:00:00+00","170141183460469231731687303715884106439","2.9581423028867962"
"2024-04-27 00:00:00+00","170141183460469231731687303715884106451","5.2176842884424441"
"2024-04-27 00:00:00+00","170141183460469231731687303715884106461","9.5948340828119692"
"2024-04-27 00:00:00+00","170141183460469231731687303715884106497","622.0547366369589032"
"2024-04-27 00:00:00+00","170141183460469231731687303715884106515","65.3733575836569521"
"2024-04-27 00:00:00+00","170141183460469231731687303715884106519","14.9282287984501007"
"2024-04-27 00:00:00+00","170141183460469231731687303715884106521","2.0539211835054924"
"2024-04-27 00:00:00+00","170141183460469231731687303715884106532","4.1061703070424023"
"2024-04-27 00:00:00+00","170141183460469231731687303715884106537","0.9948707030122998"
"2024-04-27 00:00:00+00","3926889627","3.1992310138323169"
"2024-04-26 00:00:00+00","119142073","0.0003760160176190"
"2024-04-26 00:00:00+00","170141183460469231731687303715884105727","0.0511928054943631"
"2024-04-26 00:00:00+00","170141183460469231731687303715884105738","26.1750170163437356"
"2024-04-26 00:00:00+00","170141183460469231731687303715884105755","0.2864011747418327"
"2024-04-26 00:00:00+00","170141183460469231731687303715884105765","171.9097006102427444"
"2024-04-26 00:00:00+00","170141183460469231731687303715884105809","13.1470657859210127"
"2024-04-26 00:00:00+00","170141183460469231731687303715884105816","8.7988322214633103"
"2024-04-26 00:00:00+00","170141183460469231731687303715884105836","473.0888539058009242"
"2024-04-26 00:00:00+00","170141183460469231731687303715884105881","0.8481996923733164"
"2024-04-26 00:00:00+00","170141183460469231731687303715884105883","0.0825605958840555"
"2024-04-26 00:00:00+00","170141183460469231731687303715884106007","7.9141406361547894"
"2024-04-26 00:00:00+00","170141183460469231731687303715884106010","6.7338733909894410"
"2024-04-26 00:00:00+00","170141183460469231731687303715884106075","2657.5724160412099127"
"2024-04-26 00:00:00+00","170141183460469231731687303715884106080","28.6988256202025902"
"2024-04-26 00:00:00+00","170141183460469231731687303715884106084","9.8981539152958830"
"2024-04-26 00:00:00+00","170141183460469231731687303715884106088","0.0009646129060230"
"2024-04-26 00:00:00+00","170141183460469231731687303715884106114","2.4882099324442211"
"2024-04-26 00:00:00+00","170141183460469231731687303715884106127","0.1399767462237213"
"2024-04-26 00:00:00+00","170141183460469231731687303715884106133","0.7022185623094473"
"2024-04-26 00:00:00+00","170141183460469231731687303715884106152","3.4784328121107396"
"2024-04-26 00:00:00+00","170141183460469231731687303715884106168","9.6956231864514650"
"2024-04-26 00:00:00+00","170141183460469231731687303715884106252","17.1694611621676951"
"2024-04-26 00:00:00+00","170141183460469231731687303715884106253","7.8044835143783211"
"2024-04-26 00:00:00+00","170141183460469231731687303715884106261","7.5350373603127937"
"2024-04-26 00:00:00+00","170141183460469231731687303715884106263","27.6862264930490515"
"2024-04-26 00:00:00+00","170141183460469231731687303715884106288","13.4585046690168689"
"2024-04-26 00:00:00+00","170141183460469231731687303715884106289","0.5908549144526592"
"2024-04-26 00:00:00+00","170141183460469231731687303715884106316","30.7363677004932186"
"2024-04-26 00:00:00+00","170141183460469231731687303715884106333","1.3095668021712088"
"2024-04-26 00:00:00+00","170141183460469231731687303715884106342","46.5079585974917469"
"2024-04-26 00:00:00+00","170141183460469231731687303715884106369","2.7154636028488380"
"2024-04-26 00:00:00+00","170141183460469231731687303715884106410","12.1087585178538110"
"2024-04-26 00:00:00+00","170141183460469231731687303715884106411","6.0872567852823546"
"2024-04-26 00:00:00+00","170141183460469231731687303715884106429","0.0004697993321902"
"2024-04-26 00:00:00+00","170141183460469231731687303715884106439","4.9990541336945657"
"2024-04-26 00:00:00+00","170141183460469231731687303715884106440","0.0008187409025904"
"2024-04-26 00:00:00+00","170141183460469231731687303715884106444","1.2754453312796902"
"2024-04-26 00:00:00+00","170141183460469231731687303715884106451","3.4704227870364648"
"2024-04-26 00:00:00+00","170141183460469231731687303715884106461","26.2615568276157597"
"2024-04-26 00:00:00+00","170141183460469231731687303715884106497","581.0443591358707342"
"2024-04-26 00:00:00+00","170141183460469231731687303715884106515","46.3111240299969549"
"2024-04-26 00:00:00+00","170141183460469231731687303715884106519","17.1372125701900572"
"2024-04-26 00:00:00+00","170141183460469231731687303715884106521","21.0727098271139843"
"2024-04-26 00:00:00+00","170141183460469231731687303715884106525","0.3753043247314252"
"2024-04-26 00:00:00+00","170141183460469231731687303715884106526","0.0646660756109548"
"2024-04-26 00:00:00+00","170141183460469231731687303715884106527","49.6343145036724012"
"2024-04-26 00:00:00+00","170141183460469231731687303715884106532","0.0084348971128792"
"2024-04-26 00:00:00+00","2867446281","1.7788597085931559"
"2024-04-26 00:00:00+00","3926889627","10.6223179258608032"
"2024-04-26 00:00:00+00","4172427057","1.2052767657863701"
"2024-04-26 00:00:00+00","664245129","0.0462738729924212"
"2024-04-25 00:00:00+00","170141183460469231731687303715884105727","0.0500616596572930"
"2024-04-25 00:00:00+00","170141183460469231731687303715884105738","5.0010502252282661"
"2024-04-25 00:00:00+00","170141183460469231731687303715884105750","1.7634542705286229"
"2024-04-25 00:00:00+00","170141183460469231731687303715884105755","0.0000031692117028"
"2024-04-25 00:00:00+00","170141183460469231731687303715884105785","25.3575099333614206"
"2024-04-25 00:00:00+00","170141183460469231731687303715884105809","13.1528446909372556"
"2024-04-25 00:00:00+00","170141183460469231731687303715884105816","3.4344713438009195"
"2024-04-25 00:00:00+00","170141183460469231731687303715884105836","99.9719075878121506"
"2024-04-25 00:00:00+00","170141183460469231731687303715884105841","1.5041789510119309"
"2024-04-25 00:00:00+00","170141183460469231731687303715884105881","0.8634815340094164"
"2024-04-25 00:00:00+00","170141183460469231731687303715884105883","982.0640824906890093"
"2024-04-25 00:00:00+00","170141183460469231731687303715884105906","7.4481801396840217"
"2024-04-25 00:00:00+00","170141183460469231731687303715884105922","0.2373453306939180"
"2024-04-25 00:00:00+00","170141183460469231731687303715884105964","4.6486790624505180"
"2024-04-25 00:00:00+00","170141183460469231731687303715884106007","8.2836889655786459"
"2024-04-25 00:00:00+00","170141183460469231731687303715884106010","23.8487504008497410"
"2024-04-25 00:00:00+00","170141183460469231731687303715884106050","23.9922423975099603"
"2024-04-25 00:00:00+00","170141183460469231731687303715884106075","1504.3914294356368943"
"2024-04-25 00:00:00+00","170141183460469231731687303715884106080","9.5297269927715945"
"2024-04-25 00:00:00+00","170141183460469231731687303715884106084","50.5894311414760362"
"2024-04-25 00:00:00+00","170141183460469231731687303715884106127","0.4379566699392049"
"2024-04-25 00:00:00+00","170141183460469231731687303715884106133","1.4383684774891027"
"2024-04-25 00:00:00+00","170141183460469231731687303715884106152","3.3776479107022235"
"2024-04-25 00:00:00+00","170141183460469231731687303715884106252","27.4357632856810065"
"2024-04-25 00:00:00+00","170141183460469231731687303715884106261","14.2389796042389127"
"2024-04-25 00:00:00+00","170141183460469231731687303715884106263","11.9926869368812783"
"2024-04-25 00:00:00+00","170141183460469231731687303715884106288","2.0000403661813238"
"2024-04-25 00:00:00+00","170141183460469231731687303715884106289","11.5921459771346618"
"2024-04-25 00:00:00+00","170141183460469231731687303715884106313","0.2929000636120000"
"2024-04-25 00:00:00+00","170141183460469231731687303715884106316","27.3906915950492481"
"2024-04-25 00:00:00+00","170141183460469231731687303715884106333","1.5993467019864654"
"2024-04-25 00:00:00+00","170141183460469231731687303715884106369","5.4656718696682616"
"2024-04-25 00:00:00+00","170141183460469231731687303715884106371","4.7327704130153120"
"2024-04-25 00:00:00+00","170141183460469231731687303715884106373","1.9011462963224188"
"2024-04-25 00:00:00+00","170141183460469231731687303715884106408","0.4315886739341426"
"2024-04-25 00:00:00+00","170141183460469231731687303715884106410","25.8699595301348796"
"2024-04-25 00:00:00+00","170141183460469231731687303715884106411","2.8176417163798485"
"2024-04-25 00:00:00+00","170141183460469231731687303715884106413","0.0003174384043999"
"2024-04-25 00:00:00+00","170141183460469231731687303715884106425","0.0000998310204014"
"2024-04-25 00:00:00+00","170141183460469231731687303715884106439","12.0097801632034185"
"2024-04-25 00:00:00+00","170141183460469231731687303715884106444","1.4769402440209762"
"2024-04-25 00:00:00+00","170141183460469231731687303715884106451","8.2600910872281881"
"2024-04-25 00:00:00+00","170141183460469231731687303715884106461","11.8750032879006552"
"2024-04-25 00:00:00+00","170141183460469231731687303715884106497","318.8111806677513785"
"2024-04-25 00:00:00+00","170141183460469231731687303715884106506","0.0882618292100195"
"2024-04-25 00:00:00+00","170141183460469231731687303715884106508","5.2130571799578471"
"2024-04-25 00:00:00+00","170141183460469231731687303715884106512","0.2265933694336918"
"2024-04-25 00:00:00+00","170141183460469231731687303715884106514","0.3347694210318916"
"2024-04-25 00:00:00+00","170141183460469231731687303715884106516","11.8380162852173058"
"2024-04-25 00:00:00+00","170141183460469231731687303715884106519","13.1157630882156948"
"2024-04-25 00:00:00+00","170141183460469231731687303715884106527","98.0707718319952428"
"2024-04-25 00:00:00+00","170141183460469231731687303715884106529","76.4652739017075361"
"2024-04-25 00:00:00+00","170141183460469231731687303715884106531","0.4725393003576823"
"2024-04-25 00:00:00+00","2499524195","0.0005214195918990"
"2024-04-25 00:00:00+00","2551102963","1.0175185837992584"
"2024-04-25 00:00:00+00","3926889627","14.4220203219981665"
"2024-04-25 00:00:00+00","4109412378","458.1879981905952180"
"2024-04-25 00:00:00+00","664245129","0.0770216171239473"
